----Données pour la table CLIENT -----
INSERT INTO "CLIENT" (NOM_CLIENT, ADR_CLIENT, TYPE_CLIENT) VALUES ('CHEN', '5 rue de la Pyramide', 'entreprise');
INSERT INTO "CLIENT" (NOM_CLIENT, ADR_CLIENT, TYPE_CLIENT) VALUES ('COLL', '72 avenue Schanzenbach', 'particulier');
INSERT INTO "CLIENT" (NOM_CLIENT, ADR_CLIENT, TYPE_CLIENT) VALUES ('MAGNITOT', '78 porte Santiago', 'particulier');
INSERT INTO "CLIENT" (NOM_CLIENT, ADR_CLIENT, TYPE_CLIENT) VALUES ('DESPORTES', '23 rue Marie Tima', 'entreprise');
INSERT INTO "CLIENT" (NOM_CLIENT, ADR_CLIENT, TYPE_CLIENT) VALUES ('EZZARI', '4 impasse des électriciens', 'entreprise');
INSERT INTO "CLIENT" (NOM_CLIENT, ADR_CLIENT, TYPE_CLIENT) VALUES ('GALOUZ', '12 rue de la République', 'particulier');
INSERT INTO "CLIENT" (NOM_CLIENT, ADR_CLIENT, TYPE_CLIENT) VALUES ('GAMA', '127 avenue du bord de mer', 'entreprise');
INSERT INTO "CLIENT" (NOM_CLIENT, ADR_CLIENT, TYPE_CLIENT) VALUES ('GASMI', '480 boulevard des Marsouins', 'particulier');

----Données pour la table AGENCE -----
INSERT INTO "AGENCE" (NOM_AGENCE, ADR_AGENCE) VALUES ('Rent A Car', '6 Place de la Gare');
INSERT INTO "AGENCE" (NOM_AGENCE, ADR_AGENCE) VALUES ('Car Go', '17 Rue de Versailles');
INSERT INTO "AGENCE" (NOM_AGENCE, ADR_AGENCE) VALUES ('Cooldrive', '6 Rue Watteau');
INSERT INTO "AGENCE" (NOM_AGENCE, ADR_AGENCE) VALUES ('Europcar France', '18 Rue Duret');
INSERT INTO "AGENCE" (NOM_AGENCE, ADR_AGENCE) VALUES ('Livop', '99 Rue de Rivoli');
INSERT INTO "AGENCE" (NOM_AGENCE, ADR_AGENCE) VALUES ('SAAI', '76 Rue de la Fédération');
INSERT INTO "AGENCE" (NOM_AGENCE, ADR_AGENCE) VALUES ('Hertz', '193 Rue de Bercy');
INSERT INTO "AGENCE" (NOM_AGENCE, ADR_AGENCE) VALUES ('CLOVIS', '9 Allée du Malantin');
INSERT INTO "AGENCE" (NOM_AGENCE, ADR_AGENCE) VALUES ('Blooweels', '335 impasse Jean');
INSERT INTO "AGENCE" (NOM_AGENCE, ADR_AGENCE) VALUES ('Ada', '7 avenue de verdun');

----Données pour la table EMPLOYE -----
INSERT INTO "EMPLOYE" (NOM_EMP, ADR_EMP, DATE_EMBAUCHE, TYPE_EMP) VALUES ('MONOT', '24 rue des impriniers','05-02-05', 'responsable');
INSERT INTO "EMPLOYE" (NOM_EMP, ADR_EMP, DATE_EMBAUCHE, TYPE_EMP) VALUES ('MOTHIRON','7 rue des Maraichers','14-09-2010','mécanicien');
INSERT INTO "EMPLOYE" (NOM_EMP, ADR_EMP, DATE_EMBAUCHE, TYPE_EMP) VALUES ('MOUROUGANE', '48 avenue Brossard', '29-01-2014', 'responsable');
INSERT INTO "EMPLOYE" (NOM_EMP, ADR_EMP, DATE_EMBAUCHE, TYPE_EMP) VALUES ('NGUYEN', '109 boulevard Ney', '19-02-2007', 'responsable');
INSERT INTO "EMPLOYE" (NOM_EMP, ADR_EMP, DATE_EMBAUCHE, TYPE_EMP) VALUES ('NICOSIA', '54 avenue Noelle', '29-08-2002', 'commercial');
INSERT INTO "EMPLOYE" (NOM_EMP, ADR_EMP, DATE_EMBAUCHE, TYPE_EMP) VALUES ('PHCAR', '14 rue Cauchy', '23-05-2013', 'responsable');
INSERT INTO "EMPLOYE" (NOM_EMP, ADR_EMP, DATE_EMBAUCHE, TYPE_EMP) VALUES ('PHETRAMPHAND', '1 chemin de la Corderie', '06-02-2010', 'mécanicien');
INSERT INTO "EMPLOYE" (NOM_EMP, ADR_EMP, DATE_EMBAUCHE, TYPE_EMP) VALUES ('RALAIMANANTSOA', '116 rue de la Mare', '15-03-2002', 'responsable');


----Données pour la table VEHICULE -----
INSERT INTO "VEHICULE" (NUM_IMMATRICULATION, TYPE_VEH, MARQUE, MODELE, COEFF_MARQUE, COEFF_MODELE, DATE_ACHAT, DISPONIBILITE, KILOMETRAGE_DEBUT, KILOMETRAGE_FIN, ID_AGENCE) VALUES ('555901', 'voiture', 'Audi', 'A3', '2', '2', TO_DATE('2013-01-25 00:00:00', 'YYYY-MM-DD HH24:MI:SS'), '1', '9000', '140000', '10');
INSERT INTO "VEHICULE" (NUM_IMMATRICULATION, TYPE_VEH, MARQUE, MODELE, COEFF_MARQUE, COEFF_MODELE, DATE_ACHAT, DISPONIBILITE, KILOMETRAGE_DEBUT, KILOMETRAGE_FIN, ID_AGENCE) VALUES ('555902', 'voiture', 'Audi', 'A4 Ambiente', '2', '3', TO_DATE('2012-03-03 00:00:00', 'YYYY-MM-DD HH24:MI:SS'), '0', '50000', '60000', '3');
INSERT INTO "VEHICULE" (NUM_IMMATRICULATION, TYPE_VEH, MARQUE, MODELE, COEFF_MARQUE, COEFF_MODELE, DATE_ACHAT, DISPONIBILITE, KILOMETRAGE_DEBUT, KILOMETRAGE_FIN, ID_AGENCE) VALUES ('555903', 'utilitaire', 'Audi', 'Q5', '1', '2', TO_DATE('2010-04-27 00:00:00', 'YYYY-MM-DD HH24:MI:SS'), '1', '3000', '6000', '6');
INSERT INTO "VEHICULE" (NUM_IMMATRICULATION, TYPE_VEH, MARQUE, MODELE, COEFF_MARQUE, COEFF_MODELE, DATE_ACHAT, DISPONIBILITE, KILOMETRAGE_DEBUT, KILOMETRAGE_FIN, ID_AGENCE) VALUES ('555904', 'utilitaire', 'Citroen', 'Berlingo', '2', '1', TO_DATE('2000-10-07 00:00:00', 'YYYY-MM-DD HH24:MI:SS'), '0', '14000', '16000', '8');
INSERT INTO "VEHICULE" (NUM_IMMATRICULATION, TYPE_VEH, MARQUE, MODELE, COEFF_MARQUE, COEFF_MODELE, DATE_ACHAT, DISPONIBILITE, KILOMETRAGE_DEBUT, KILOMETRAGE_FIN, ID_AGENCE) VALUES ('555905', 'utilitaire', 'Citroen', 'Jumpy', '3', '3', TO_DATE('2005-09-16 00:00:00', 'YYYY-MM-DD HH24:MI:SS'), '1', '30000', '40000', '2');
INSERT INTO "VEHICULE" (NUM_IMMATRICULATION, TYPE_VEH, MARQUE, MODELE, COEFF_MARQUE, COEFF_MODELE, DATE_ACHAT, DISPONIBILITE, KILOMETRAGE_DEBUT, KILOMETRAGE_FIN, ID_AGENCE) VALUES ('555906', 'utilitaire', 'Citroen', 'Nemo', '2', '2', TO_DATE('2003-08-05 00:00:00', 'YYYY-MM-DD HH24:MI:SS'), '1', '10000', '12000', '3');
INSERT INTO "VEHICULE" (NUM_IMMATRICULATION, TYPE_VEH, MARQUE, MODELE, COEFF_MARQUE, COEFF_MODELE, DATE_ACHAT, DISPONIBILITE, KILOMETRAGE_DEBUT, KILOMETRAGE_FIN, ID_AGENCE) VALUES ('555907', 'voiture', 'Citroen', 'C1', '1', '1', TO_DATE('2003-05-25 00:00:00', 'YYYY-MM-DD HH24:MI:SS'), '1', '85000', '86000', '1');
INSERT INTO "VEHICULE" (NUM_IMMATRICULATION, TYPE_VEH, MARQUE, MODELE, COEFF_MARQUE, COEFF_MODELE, DATE_ACHAT, DISPONIBILITE, KILOMETRAGE_DEBUT, KILOMETRAGE_FIN, ID_AGENCE) VALUES ('555908', 'voiture', 'Citroen', 'C8', '2', '3', TO_DATE('2010-04-14 00:00:00', 'YYYY-MM-DD HH24:MI:SS'), '1', '5000', '6000', '10');
INSERT INTO "VEHICULE" (NUM_IMMATRICULATION, TYPE_VEH, MARQUE, MODELE, COEFF_MARQUE, COEFF_MODELE, DATE_ACHAT, DISPONIBILITE, KILOMETRAGE_DEBUT, KILOMETRAGE_FIN, ID_AGENCE) VALUES ('555909', 'voiture', 'Dacia', 'Logan', '3', '1', TO_DATE('2012-12-13 00:00:00', 'YYYY-MM-DD HH24:MI:SS'), '1', '2000', '2500', '5');
INSERT INTO "VEHICULE" (NUM_IMMATRICULATION, TYPE_VEH, MARQUE, MODELE, COEFF_MARQUE, COEFF_MODELE, DATE_ACHAT, DISPONIBILITE, KILOMETRAGE_DEBUT, KILOMETRAGE_FIN, ID_AGENCE) VALUES ('555910', 'voiture', 'Dacia', 'Logan Break', '1', '3', TO_DATE('2014-08-11 00:00:00', 'YYYY-MM-DD HH24:MI:SS'), '1', '2700', '3000', '5');
INSERT INTO "VEHICULE" (NUM_IMMATRICULATION, TYPE_VEH, MARQUE, MODELE, COEFF_MARQUE, COEFF_MODELE, DATE_ACHAT, DISPONIBILITE, KILOMETRAGE_DEBUT, KILOMETRAGE_FIN, ID_AGENCE) VALUES ('555911', 'voiture', 'Dacia', 'Sandero', '2', '1', TO_DATE('2014-08-20 00:00:00', 'YYYY-MM-DD HH24:MI:SS'), '1', '10000', '11000', '3');
INSERT INTO "VEHICULE" (NUM_IMMATRICULATION, TYPE_VEH, MARQUE, MODELE, COEFF_MARQUE, COEFF_MODELE, DATE_ACHAT, DISPONIBILITE, KILOMETRAGE_DEBUT, KILOMETRAGE_FIN, ID_AGENCE) VALUES ('555912', 'voiture', 'Nissan', 'Qashqai', '3', '3', TO_DATE('2010-08-20 00:00:00', 'YYYY-MM-DD HH24:MI:SS'), '0', '13000', '13500', '1');




----Données pour la table LOUER -----
INSERT INTO "LOUER" (DATE_DEBUT_LOC, DATE_FIN_LOC, DUREE_LOC, CHEQUE_CAUTION, TARIF_LOC_JOURNEE, PRIX_LOC, NUM_CLIENT, NUM_IMMATRICULATION, ID_AGENCE) VALUES (TO_DATE('2010-11-20 00:00:00', 'YYYY-MM-DD HH24:MI:SS'), TO_DATE('2010-11-27 00:00:00', 'YYYY-MM-DD HH24:MI:SS'), '7', '60', ' 30', '150', '4', '555901', '4');
INSERT INTO "LOUER" (DATE_DEBUT_LOC, DATE_FIN_LOC, DUREE_LOC, CHEQUE_CAUTION, TARIF_LOC_JOURNEE, PRIX_LOC, NUM_CLIENT, NUM_IMMATRICULATION, ID_AGENCE) VALUES (TO_DATE('2012-12-13 00:00:00', 'YYYY-MM-DD HH24:MI:SS'), TO_DATE('2012-12-16 00:00:00', 'YYYY-MM-DD HH24:MI:SS'), '3', '50', '30', '110', '5', '555907', '8');
INSERT INTO "LOUER" (DATE_DEBUT_LOC, DATE_FIN_LOC, DUREE_LOC, CHEQUE_CAUTION, TARIF_LOC_JOURNEE, PRIX_LOC, NUM_CLIENT, NUM_IMMATRICULATION, ID_AGENCE) VALUES (TO_DATE('2012-08-02 00:00:00', 'YYYY-MM-DD HH24:MI:SS'), TO_DATE('2012-08-09 00:00:00', 'YYYY-MM-DD HH24:MI:SS'), '7', '55', '30', '120', '2', '555905', '3');
INSERT INTO "LOUER" (DATE_DEBUT_LOC, DATE_FIN_LOC, DUREE_LOC, CHEQUE_CAUTION, TARIF_LOC_JOURNEE, PRIX_LOC, NUM_CLIENT, NUM_IMMATRICULATION, ID_AGENCE) VALUES (TO_DATE('2014-08-11 00:00:00', 'YYYY-MM-DD HH24:MI:SS'), TO_DATE('2014-08-18 00:00:00', 'YYYY-MM-DD HH24:MI:SS'), '7', '65', '30', '120', '3', '555906', '4');
INSERT INTO "LOUER" (DATE_DEBUT_LOC, DATE_FIN_LOC, DUREE_LOC, CHEQUE_CAUTION, TARIF_LOC_JOURNEE, PRIX_LOC, NUM_CLIENT, NUM_IMMATRICULATION, ID_AGENCE) VALUES (TO_DATE('2015-07-20 00:00:00', 'YYYY-MM-DD HH24:MI:SS'), TO_DATE('2015-07-27 00:00:00', 'YYYY-MM-DD HH24:MI:SS'), '7', '80', '30', '120', '5', '555906', '5');
INSERT INTO "LOUER" (DATE_DEBUT_LOC, DATE_FIN_LOC, DUREE_LOC, CHEQUE_CAUTION, TARIF_LOC_JOURNEE, PRIX_LOC, NUM_CLIENT, NUM_IMMATRICULATION, ID_AGENCE) VALUES (TO_DATE('2015-07-14 00:00:00', 'YYYY-MM-DD HH24:MI:SS'), TO_DATE('2015-07-15 00:00:00', 'YYYY-MM-DD HH24:MI:SS'), '1', '50', '30', '100', '7', '555909', '6');
INSERT INTO "LOUER" (DATE_DEBUT_LOC, DATE_FIN_LOC, DUREE_LOC, CHEQUE_CAUTION, TARIF_LOC_JOURNEE, PRIX_LOC, NUM_CLIENT, NUM_IMMATRICULATION, ID_AGENCE) VALUES (TO_DATE('2015-10-20 00:00:00', 'YYYY-MM-DD HH24:MI:SS'), TO_DATE('2015-10-23 00:00:00', 'YYYY-MM-DD HH24:MI:SS'), '3', '70', '30', '110', '1', '555903', '7');
INSERT INTO "LOUER" (DATE_DEBUT_LOC, DATE_FIN_LOC, DUREE_LOC, CHEQUE_CAUTION, TARIF_LOC_JOURNEE, PRIX_LOC, NUM_CLIENT, NUM_IMMATRICULATION, ID_AGENCE) VALUES (TO_DATE('2015-11-14 00:00:00', 'YYYY-MM-DD HH24:MI:SS'), TO_DATE('2015-11-17 00:00:00', 'YYYY-MM-DD HH24:MI:SS'), '3', '60', '30', '110', '1', '555910', '8');


----Données pour la table UTILITAIRE -----
INSERT INTO "UTILITAIRE" (CAPACITE, CHARGE_MAX, NUM_IMMATRICULATION) VALUES ('2', '3000', '555903');
INSERT INTO "UTILITAIRE" (CAPACITE, CHARGE_MAX, NUM_IMMATRICULATION) VALUES ('4', '4000', '555906');
INSERT INTO "UTILITAIRE" (CAPACITE, CHARGE_MAX, NUM_IMMATRICULATION) VALUES ('5', '5000', '555905');
INSERT INTO "UTILITAIRE" (CAPACITE, CHARGE_MAX, NUM_IMMATRICULATION) VALUES ('3', '3000', '555904');

----------------------------------------
-- Modification des données  pour les tables EMPLOYE, AGENCE et LOUER
----------------------------------------
UPDATE "EMPLOYE" SET ID_AGENCE = '1' WHERE NUM_EMP='1';
UPDATE "EMPLOYE" SET ID_AGENCE = '2' WHERE NUM_EMP='2';
UPDATE "EMPLOYE" SET ID_AGENCE = '2' WHERE NUM_EMP='3';
UPDATE "EMPLOYE" SET ID_AGENCE = '3' WHERE NUM_EMP='4';
UPDATE "EMPLOYE" SET ID_AGENCE = '1' WHERE NUM_EMP='5';
UPDATE "EMPLOYE" SET ID_AGENCE = '4' WHERE NUM_EMP='6';
UPDATE "EMPLOYE" SET ID_AGENCE = '3' WHERE NUM_EMP='7';
UPDATE "EMPLOYE" SET ID_AGENCE = '5' WHERE NUM_EMP='8';


UPDATE "AGENCE" SET NUM_EMP = '1' WHERE ID_AGENCE='1';
UPDATE "AGENCE" SET NUM_EMP = '3' WHERE ID_AGENCE='2';
UPDATE "AGENCE" SET NUM_EMP = '4' WHERE ID_AGENCE='3';
UPDATE "AGENCE" SET NUM_EMP = '6' WHERE ID_AGENCE='4';
UPDATE "AGENCE" SET NUM_EMP = '8' WHERE ID_AGENCE='5';

UPDATE "LOUER" SET ID_RESTITUTION = '7' WHERE NUM_LOC = '5';
UPDATE "LOUER" SET ID_RESTITUTION = '6' WHERE NUM_LOC = '6';